,Florida,California,Texas,New York,Massachusetts,New Jersey,Arizona,Colorado,Missouri
2000-01-01,109594.32938565168,191660.8734933173,116021.70831362456,154414.01993021058,202603.0733869998,173379.73432349743,137473.3277184476,182159.69778473728,100886.20532025224
2000-02-01,109831.7209048997,192305.10289629345,116084.75750687101,154963.88552364497,203279.4976529674,173847.1052476156,137722.33233005056,182806.49609969405,101004.45172601248
2000-03-01,110119.48674594575,193174.97034375454,116115.3373533459,155493.21983162526,204084.3357896407,174293.05944715833,138042.8058388606,183521.27515155298,101181.48578978446
2000-04-01,110704.44068593926,195063.19320329325,116267.10784310725,156631.67402990817,205669.52754295873,175281.08521614943,138697.19427391276,185119.49541503773,101586.14592436254
2000-05-01,111335.25047475303,197257.9678335534,116365.39679236175,157809.56716378007,207385.41954886125,176288.29980323347,139438.9528203253,186903.386315298,102108.8495368015
2000-06-01,111978.8796984441,199626.12328392963,116475.60263195024,159083.19538514825,209244.55677376004,177490.40021866644,140104.60726866394,188829.7043178679,102686.47009221104
2000-07-01,112625.5696409733,202127.06458840938,116548.02491994778,160228.18263468266,211444.6073155333,178850.6876702817,140781.51247206356,190781.56039837413,103314.45127616532
2000-08-01,113284.19018866013,204738.17937394205,116762.27850572362,161230.4244442606,214151.99927971815,180503.63034022288,141431.73542643033,192900.38875351907,103991.61408670247
2000-09-01,113966.85507018636,207355.353583751,117043.24044637517,162121.01253929603,217194.25701496145,182331.448818305,142150.87776689397,195124.65757432897,104673.42674108512
2000-10-01,114663.74938066008,209837.28389135693,117344.29656654736,163075.6058101691,220407.9540426087,184179.70895925444,142843.7849681741,197333.91151414035,105398.23231240374
2000-11-01,115387.93763685036,212281.51464280768,117691.69695463568,164245.0481994538,223512.92236962542,185828.56396520673,143511.0650231066,199459.9408455789,106185.05071421493
2000-12-01,116134.87602828338,214673.67153856345,118077.57541429756,165528.72645772784,226582.09870176518,187294.18654661707,144159.25209071438,201491.2302202743,106927.92548154136
2001-01-01,116817.85551334555,216697.31854602825,118307.96236996904,166759.96451350613,229355.43417938644,188665.95085547224,144790.4981224208,203528.4868241916,107482.1434047079
2001-02-01,117496.39636109375,218698.28960336102,118273.15066764709,167784.68091628028,231887.79999834145,190179.25286637797,145420.15180495163,205447.74804781808,107865.50029219476
2001-03-01,118205.72022372448,220950.54755633682,118042.61532739906,168708.9073794631,234383.82984180853,191682.28992181804,146052.7981862732,207393.480899594,108289.845262883
2001-04-01,119043.6032663976,223750.92468435815,117907.55123754936,169673.8373451016,236962.69128819453,193270.48520786618,146695.9685351694,209287.7519888823,108835.76412203687
2001-05-01,119961.33790938015,226557.09949273887,117952.89996245412,170739.51176191933,239627.0736060995,194837.98057950195,147348.81625135677,211178.2644774892,109483.70676931001
2001-06-01,120919.30491693078,229106.27715606903,118090.4073857307,171915.7599919244,242424.67182038128,196584.20373805755,148007.31716513072,212867.48070516883,110192.1782595003
2001-07-01,121949.14732740315,231492.88299836707,118251.93681128668,173150.6453136139,245391.35726091717,198464.61317394229,148633.8150307786,214533.37827773197,110916.01016994524
2001-08-01,123040.71114060224,233792.4133970252,118397.02729286016,174446.9029217431,248623.97433509925,200540.2512863751,149253.38671991604,216174.45245162238,111579.97612518705
2001-09-01,124172.34955846699,236024.32308839573,118549.6224275754,175714.6994574614,251764.34586282485,202765.95532704346,149876.99606968663,217716.15858052066,112218.10897278313
2001-10-01,125307.0931531114,238111.20669453792,118709.23360303917,177049.10056037898,255112.05256166382,205088.2227194681,150550.8044798885,219063.3569926446,112884.67115449572
2001-11-01,126395.35586928896,240071.70280671003,118825.8515137735,178445.989480898,258400.90472263563,207212.13168083364,151248.95362393456,220161.18170339256,113594.87933353423
2001-12-01,127462.66934479134,241905.01997447983,118920.06517764881,179929.20870472692,261496.91557622087,209126.19308696422,151901.73752546174,221023.46242803973,114315.75529783285
2002-01-01,128426.33460077288,243386.26823901708,118952.21159240404,181393.61530094477,264014.5298219835,210917.30032523503,152447.6267828272,221512.76893838108,114973.18179018644
2002-02-01,129317.73712869121,244900.6587245184,119041.32792291969,182723.08431243734,266171.11646727193,212761.7501041389,152941.92709949557,221951.61407010522,115598.71951900481
2002-03-01,130189.26473544414,246673.21458674638,119264.64080012844,183850.60014343867,268367.9306432461,214646.250633157,153478.7667738161,222579.51194731644,116137.80419842293
2002-04-01,131169.89426668014,249065.01514876602,119657.34741873552,184962.07148245606,270706.2353363862,216545.2353551574,154075.07015135666,223394.53743206873,116651.88185207084
2002-05-01,132245.8388925858,251857.72148026593,120120.00194550928,186146.9076943105,273230.85067768395,218515.07666688148,154680.27979790594,224315.50102289452,117189.3625797848
2002-06-01,133370.79504981622,254956.24395791147,120638.34353027045,187522.68659425,275855.3611710845,220726.77233393522,155360.84072993038,225095.49424443286,117809.08433612874
2002-07-01,134516.1063338121,258540.8858608956,121165.23212862534,189000.5155038579,278823.8667670654,223210.42248344925,156097.2320580939,225852.88438230404,118481.81454815721
2002-08-01,135740.10801261428,262399.64870985417,121722.0239808759,190650.6841155182,281974.2939122733,226242.24286535746,156935.03390180293,226388.50995607965,119101.33690799109
2002-09-01,136951.05543545258,266298.13246024656,122212.74949349766,192350.8883458242,285447.43390833616,229610.5088984788,157658.85022800622,226946.91598697836,119732.1762849072
2002-10-01,138160.41490568526,269997.6926709259,122633.86985756543,194046.00472758673,289451.2404763081,233153.03782201314,158385.51896179098,227505.55065228228,120410.95990006288
2002-11-01,139309.29135776454,273622.26409813156,122992.30019008758,195693.13864585487,293659.1658489389,236423.53208657124,159042.2815156512,228031.7380947014,121113.85365675263
2002-12-01,140553.97930216868,277196.4497653953,123297.69458659616,197398.749358717,297676.1881033653,239479.19243073056,159768.10647192618,228319.43002637735,121754.77052573807
2003-01-01,141781.01263111606,280354.6479555952,123531.86391729959,199064.73012374504,300921.7708870782,242404.47312496204,160446.69326953424,228414.87299420647,122308.43232954449
2003-02-01,143041.9629001594,283299.07497542334,123686.42030140129,200685.54161097584,303903.567028705,245240.87761118598,161167.30655998283,228468.19213358275,122856.23514344275
2003-03-01,144335.01517697267,286417.9739335113,123861.12403607175,202415.20467562473,306871.1652628687,247999.18523574792,161830.10837923965,228760.3455039345,123389.47341120493
2003-04-01,145775.66369102115,290043.2593506113,124066.0530837357,204119.42038879267,310089.07555863756,250734.96071154985,162566.63297921556,229116.23440207273,123929.33414649275
2003-05-01,147297.37884753328,294069.3824176254,124298.55252762271,205863.42994528552,313314.5338904669,253588.1389699822,163327.38477143503,229384.93045339562,124530.14920055924
2003-06-01,148807.26526453937,297793.42114334786,124532.85564393287,207593.02636242742,316246.196120298,256664.49960810065,164168.5104675505,229517.68394469447,125211.00280844381
2003-07-01,150302.1008254485,301725.10105119675,124763.89703518168,209407.4450508999,318666.10542705515,259932.03663174124,165041.6150485724,229663.42911181957,125916.2855465249
2003-08-01,151830.51235554137,305865.9967312481,125032.48864859679,211467.3400779195,320973.6227213353,263344.69292451645,165980.12540424892,229865.72758353633,126616.41586054995
2003-09-01,153417.195831045,310466.02055885195,125276.11257785223,213697.6148889951,323500.8501603985,266575.541467837,167027.7013960732,230130.27197307764,127308.18385840523
2003-10-01,155024.6843378183,314946.7750010165,125524.20042252116,215992.8890427976,326250.0232145206,269517.2444880604,168068.86737671169,230376.59376408884,128039.00639449946
2003-11-01,156601.6124524531,319264.34247231996,125703.30078259448,218000.05487254518,329010.5249661105,272064.0106315812,168972.90141776178,230748.01518695176,128734.04457239587
2003-12-01,158110.3762750084,323439.4602457934,125854.91665088579,219800.263714941,331592.0168385098,274444.1909514224,169753.57187580699,231154.026255487,129438.83207279019
2004-01-01,159556.834762926,327761.71606647485,126234.29844286862,221552.60874279132,334004.2778242579,276810.5574911432,170452.83046001472,231515.4012205944,130068.82362664293
2004-02-01,160989.24547964305,332629.8422766872,127088.2857310152,223213.28496326343,336416.9578744224,279245.3460720871,171336.5012535409,231816.88443698993,130582.58468116318
2004-03-01,162558.6036177737,338182.4835578271,128440.14696156389,224605.29167710684,338922.7275724976,281930.6885936158,172411.48657659083,232168.21445778207,130973.7374036231
2004-04-01,164348.0933225418,344556.7866019023,129781.68861744273,225988.665552474,341700.418768636,284836.1473843973,173717.82686956052,232686.7670775924,131297.71602255883
2004-05-01,166443.0884521684,351896.2612709114,130890.28323547741,227616.88654119358,344539.55209877045,288237.76568509795,175308.78247395632,233362.80724874107,131734.69138064186
2004-06-01,168819.56179617907,360087.2212843593,131601.81349793434,229625.7246885445,347229.49591289746,291946.0565626338,177091.68507481168,234074.76871063397,132272.2496111025
2004-07-01,171459.69796699603,368461.4015337552,132266.92974743125,231884.84670110434,349945.3099068562,295920.9757416188,,234728.95373057722,132939.13910053766
2004-08-01,174367.1559283815,376453.31906928803,132871.91805998047,234208.89932427043,352716.7017946294,300044.32564402226,181962.4709440459,235323.71711661192,133547.97205445994
2004-09-01,177319.4980357635,384021.94623057643,133555.0328959905,236655.78067162857,355983.21866203775,304117.0518938797,184547.43565013554,235683.53465861987,134073.51873343615
2004-10-01,180155.7268040496,391291.00186733925,134190.61496657692,239060.23263728144,359244.5653838827,308124.7114414083,187213.21315376388,236061.75510428418,134554.2305647354
2004-11-01,182815.9130086543,397681.746330994,134759.20319358716,241496.54977823343,362315.72805052414,311847.81044024864,189885.22529010332,236391.15303891394,135080.10718628284
2004-12-01,185526.63143642494,403856.1036000487,135256.12239563526,243825.0133468914,364888.2797782529,315331.72491719015,193078.80047574252,236929.41305731647,135658.16817244908
2005-01-01,188310.12558282298,409350.9018338003,135785.36448784734,246044.689167941,367227.747642016,318640.75443002937,196536.4683836895,237528.0497887891,136215.4900193319
2005-02-01,191286.66224716845,415306.41907214577,136230.63450696165,248207.22485299455,369964.34206365934,321784.20014043385,200761.2547738107,237994.08480551047,136725.88921217714
2005-03-01,194623.97464055227,421566.6285764932,136627.3963672456,250196.99067310223,372879.9162818591,325011.2077755464,205251.76331133454,238464.62516725005,137209.43544553
2005-04-01,198557.32800498523,428625.56530545483,136977.11649171167,252296.97251047497,375985.0161805682,328710.5379443183,210635.91479203585,238990.80341104488,137701.973673063
2005-05-01,202946.34612295384,435491.9646941197,137357.5101811338,254526.8937227313,378668.16212586855,332791.8885614527,216902.21356922912,239712.94183486383,138286.86762862036
2005-06-01,207704.2477964552,441841.4564600408,137773.22412634853,256831.0393285899,380509.3024047113,337110.6318532398,224789.31602462687,240387.87972577606,138908.180589787
2005-07-01,212781.66350646233,447916.3985402584,138141.10566032978,259255.65440088094,381614.2591944428,341271.127240878,233691.29364873492,241007.58789950842,139544.91882804877
2005-08-01,218029.42860573568,454078.64651349577,138485.4347118161,261790.35075122412,382232.13053971826,345352.77334163146,242475.67721486886,241604.50720430375,140168.32076059637
2005-09-01,223172.88523418526,460269.18018859933,138830.15927255477,264451.58281383716,383265.4439879134,349228.63395651313,251362.8963277929,242165.02189417576,140797.23710316632
2005-10-01,227909.92005758593,466345.5504321565,139109.55883729825,267159.69454637385,384515.32631445676,353075.74420007627,259112.28135294528,242797.60025151775,141461.67698570725
2005-11-01,232289.5921829032,471274.84433736495,139436.08830284938,269607.7378561388,385615.68162842054,356776.4734951279,266239.8593159982,243374.34797554844,142091.75215879056
2005-12-01,236393.34392515515,475638.17936311755,139702.0008783309,272047.1337371918,385869.02181178605,360243.85624014103,271113.50834316545,243959.09453219155,142690.2496241821
2006-01-01,240186.54127609357,479273.57992164645,139920.2153626932,274179.4153777585,385722.02552191936,363198.7174265671,273669.2626175822,244541.631674527,143183.5032307563
2006-02-01,243705.79059022953,482506.92620400945,140140.30748334012,276129.9005128,385083.8529353928,365994.04691689694,276938.77258415637,244950.69555632336,143619.0381753324
2006-03-01,247363.08620436463,485586.71973061404,140407.8100845753,277740.2961253156,384662.07233919547,368762.2084544492,281016.21088771865,245287.1191107319,143995.3750006014
2006-04-01,251434.88304356392,488351.89539334975,140836.70952810362,279139.03908374556,384340.82251523336,371771.781240938,285777.54655164346,245570.35651918585,144367.61580309272
2006-05-01,255339.76597410612,491099.63143168663,141423.41177968783,280460.2781326961,384094.65312198846,374624.17729380605,288928.6657244304,246113.2708206378,144726.2073233875
2006-06-01,258609.04873693365,493000.1160949228,142073.7595811313,281824.85883216857,383502.43951281643,377098.1451081222,290669.83750633977,246610.91935057213,145094.45169919837
2006-07-01,260852.47465096693,493705.8188146344,142722.29620547048,283102.1115239127,381852.43219219334,378730.32116927137,291017.0826253419,246912.59350093515,145471.60517542658
2006-08-01,262325.13818163844,493712.05438343034,143298.3356764347,284244.7884097795,379749.6464590554,379465.2517644116,290160.987596391,247187.14739616576,145810.16437269273
2006-09-01,262942.1584842922,492654.06369563984,143910.92024583637,284983.0154745167,377196.1307497066,379571.6935502148,288304.59627363615,247247.7648075396,146159.87462054106
2006-10-01,262914.269464903,491448.39312730165,144667.6908203338,285525.3796978148,374909.0522234252,379110.8485763103,286957.4715978906,247156.1902397686,146542.21154320912
2006-11-01,262520.24396911566,490162.8410841162,145392.4356533336,285839.0198470767,372510.39694161597,378335.7988561098,285144.5776259035,246821.7488195747,146932.4684959304
2006-12-01,261732.14269379154,489047.48339671985,146111.36390505324,286172.3557876863,370405.4922675413,377122.0183195115,283301.94877946115,246683.19794372478,147250.14344883326
2007-01-01,260735.04461957622,488126.89866412524,146490.84746551872,286450.4649521817,368855.53793700115,375858.9756983206,281356.1545065522,246636.67760597848,147476.46908500657
2007-02-01,259657.24320679682,487046.9710647382,146640.21963715614,286677.13903413835,367771.85324045486,374938.3434744367,279981.1380756714,246517.12610403448,147655.98036719358
2007-03-01,258418.8169323237,485501.984351506,146621.5320115958,286977.6383903998,367120.4220479887,374692.8225238479,279251.5401575332,246449.88451922196,147812.19820058238
2007-04-01,256988.7205309274,483521.3797613957,146848.67211584232,287100.51728591986,366448.0580331667,374845.51102483756,278987.7376549119,246590.9423111535,147915.16408359425
2007-05-01,255126.54477962924,480432.03608490963,147264.08567024395,287336.0350500149,365677.21528964024,374781.43622299255,278653.5056482084,247010.80688956936,147964.62615264967
2007-06-01,252799.15884986302,476874.2260249131,147804.21477783463,287372.04308154405,364596.22972610616,373997.5113960765,277712.57924869255,247445.7598483482,147959.27674678003
2007-07-01,249995.44492292145,472320.86062051385,148286.2249485033,287429.5057634083,363128.60687012103,372536.90156836755,276131.2675816174,247766.59754550236,147930.06730658308
2007-08-01,246896.73077851153,467572.7453701489,148798.5290415166,287508.9642772042,361607.31532356545,370766.84160506836,273961.1027749926,247917.84108697946,147865.68009968032
2007-09-01,243724.31282558126,462236.5795362438,149303.3859702388,287515.05006104097,360113.19164198893,369033.5042158123,271246.3295044972,247723.9782082863,147738.4811131794
2007-10-01,240479.66399869727,456636.72805807384,149768.28311667885,287723.6881629014,358429.42251448706,367452.1036472433,268508.68233116955,247260.45272706752,147544.57651167866
2007-11-01,237087.01298686615,451007.6638394945,150155.65996557064,287933.8029579683,356696.1127542099,365862.0132853613,264925.2679846641,246493.5471799435,147219.8753026053
2007-12-01,233646.29728609405,444973.4224963801,150512.98685130765,288047.91416696267,354957.9563040833,364246.45026524155,261357.3833218286,245595.38687841952,146862.10823003636
2008-01-01,229908.21253850343,438964.70581463934,150368.55768598264,288118.4819376066,353150.00590720796,362829.35584417946,257537.47826282275,244543.04081483872,146540.12375338192
2008-02-01,226218.83411065702,431872.55354853213,149950.92090008242,287977.4894999199,351099.4804892722,361697.60807233275,252946.97583043404,243586.48136790228,146389.74943691038
2008-03-01,222278.60934436452,423400.53900374455,149335.99228999094,287816.70850470563,348853.16325043474,360267.3569273115,247907.53318222472,242668.90703500246,146282.68350612538
2008-04-01,218441.7952726921,413469.6004228427,149013.2969656157,287450.687606623,346742.98198558326,358083.5976626954,242040.59113544194,241861.18167920815,146021.8363504144
2008-05-01,214319.71895312413,402898.73177844315,148782.05316792673,286838.6689602887,344924.136341021,355112.61141020263,237446.50782056167,240958.46259180093,145660.8895909155
2008-06-01,210311.0118819309,392633.18420619983,148574.67362796701,286003.28724714305,343308.0068191245,352057.84350264,232960.2837321837,240070.25851721002,145204.6179064813
2008-07-01,206212.29946410935,382236.31473325496,148403.21018869116,284896.210535858,341492.72587065276,349130.89028986107,228288.85462297345,239022.70877050018,144726.16951002055
2008-08-01,201950.95175415315,372227.1217606307,148037.76076471325,283698.79918419145,339406.69381745096,346324.67992341024,222432.25651135517,238023.17534024525,144202.32407988957
2008-09-01,197617.23499155208,362979.846488876,147508.9941133378,282360.49430434516,336793.58510701783,343455.1953880458,216541.67561614435,237183.6088827088,143701.8127789492
2008-10-01,193233.78358231555,354983.2792519406,146880.03079867453,280752.1704219583,333966.5662216381,340418.0017476278,211375.5610829798,236519.9530247962,143249.5889840381
2008-11-01,188923.75411182153,347230.8125343824,146262.97655170626,278991.46602281666,331107.9303700756,337192.285876167,205561.02604406365,235773.23034654147,142671.90752891116
2008-12-01,184802.92443823858,339792.54092618305,145692.38454812785,277303.1581665974,328541.8921161375,334238.47476501815,199540.75707839298,234940.19198513986,142047.48311852166
2009-01-01,180927.13082057284,332839.40750930604,145173.24664151622,275741.51079193666,326320.08981691924,331975.5720169545,193949.10404059233,234139.77236435926,141434.79564478583
2009-02-01,177483.21150490246,327775.8842182204,144900.61540958975,274397.6497200127,324197.20818290603,330132.2166630908,190373.94027357898,233656.3761480679,140984.41357052553
2009-03-01,174245.57749244318,323582.04582332546,144788.7478079569,273206.4046299409,322027.23850750807,328353.153173565,187168.46956168333,233328.72047348155,140642.8759926465
2009-04-01,171021.86329822525,319641.25965851516,144771.48703953993,272191.9322324127,320136.32519538543,326073.4157412893,183926.74488021946,233079.02030578078,140306.55309959804
2009-05-01,167903.17407274953,315822.50735790026,144771.29296442828,271259.5006593279,318855.4054720784,323641.93342759385,180283.98535864856,232767.80839940094,139879.49391407357
2009-06-01,164936.50218364366,312485.1769866618,144746.11341790177,270246.90584990766,318030.37229240796,321187.24290534836,177189.51732045328,232410.30133357353,139299.38014630045
2009-07-01,162398.11389014064,310010.218604759,144757.47874233997,269197.43252568826,317434.40517223295,318941.9109048169,174589.8822481382,231884.66125929062,138638.12287365735
2009-08-01,160059.41310294336,307941.68247284257,144636.2971519072,268064.5786935735,316880.5893365233,317003.3683557893,172220.0962444005,231370.96776774546,138051.15272574394
2009-09-01,157918.20129996628,306321.41402458097,144476.40036467937,267110.4072260509,316524.8601159503,315375.82631585276,170024.35061185356,230938.23064908248,137506.53138171384
2009-10-01,156106.70799206104,305457.6965826035,144264.10207287702,266372.1032930978,316241.5593586696,314186.24111274665,167686.44065984938,230709.7883532211,137090.42970674954
2009-11-01,154898.91562891426,306308.60161287047,144308.62552103554,265900.2869991687,316280.2666749377,313390.9724813813,166672.7163949711,230729.94450626802,136950.01272675107
2009-12-01,153981.00827490506,308256.216919337,144438.87171335108,265583.7403647292,316858.6107517981,313073.27212259016,166387.29862459397,230938.19733327793,137038.86657830872
2010-01-01,153274.40400233585,310234.3146203712,144502.1481824661,265352.87808665965,317968.53808881267,312996.41593458387,166307.52139993184,231460.84779816552,137081.89576604197
2010-02-01,152659.0870489129,311060.702531449,144487.98726694105,265334.0794473404,319409.36051269114,313073.6370852667,165442.30406367336,232073.53360987004,136909.26556204678
2010-03-01,152239.93798796923,312116.56056728214,144514.06011495707,265413.8544893625,320610.08067721146,313012.36791510053,164359.85739161598,232611.7074496589,136844.37607091997
2010-04-01,151873.97331339223,313431.64740126807,144696.2917284479,265813.9456028492,321819.9723129962,312906.67442213354,163828.6871531857,232778.46598463735,137003.6398306921
2010-05-01,151399.47462588424,314879.63233556534,144906.73958137794,266241.8145643877,322613.42331911175,312629.29987717856,163161.96014986894,232479.57681626923,137208.53254921123
2010-06-01,150683.94777826665,314813.30433047045,144954.327403469,266814.0809192525,323240.08272859716,312153.47525314934,162343.4595494228,231807.56840670187,137113.29009781708
2010-07-01,149692.3019334003,313651.9705716385,144697.42910717797,267180.3607718788,323073.92702645075,311309.4763344908,160403.5167036882,230871.3717083756,136713.02467619118
2010-08-01,148453.96990321027,311668.24156715645,144201.25096374916,267091.8095938925,322401.5857170497,310010.41147508076,158622.4592765433,229808.19219642936,136078.1646328859
2010-09-01,147102.1564010552,309644.21400487894,143613.52697433627,266537.9571991606,320791.5592239313,308246.87241309043,156411.94260382155,228696.41329269754,135294.37013653744
2010-10-01,145688.42765915216,307472.70449078555,143022.1677086461,265537.01083112083,318977.8472036315,306172.5861065738,154638.4377165185,227656.44778477857,134407.17761371195
2010-11-01,144256.76846596508,305549.2250683937,142408.69499359187,264489.6485040482,317261.87888399936,304139.5972675187,152691.84275301165,226697.48714852147,133486.30733172738
2010-12-01,142892.10931975098,304179.2052890197,141875.82409253914,263428.37845552334,316342.30317566224,302268.6490773956,150890.86846229035,225778.61285624874,132598.24641786225
2011-01-01,141528.4146703327,303112.4036546123,141412.77984470976,262679.7294072304,315581.11932411377,300736.1386271442,148960.7589455583,225001.957597657,131800.29075362766
2011-02-01,140235.29626636344,302090.35386081325,140925.60017219945,262105.39839236494,314488.9706806415,299289.7104255511,147139.15764504424,224292.0604647729,131096.88547788069
2011-03-01,138914.60833272766,300584.73264786165,140446.85257523242,261752.00752378945,312923.8337988962,297802.24601519183,145679.987691595,223616.28120069392,130336.83622926725
2011-04-01,137636.84200729884,298982.15031515295,139983.5938571814,261277.04034239528,311535.7578777365,296067.5851928573,144039.25538857796,222906.3088888192,129555.65426515583
2011-05-01,136360.6785099205,296574.44411375985,139616.71517525622,260767.79374631192,310347.2990277395,294100.3898063391,142451.77964416475,221967.5814951997,128780.3581978854
2011-06-01,135207.11695897082,294636.6019112342,139242.80568303683,260008.88536719396,309532.1793659572,291990.5199714091,140742.2190990973,221109.7360404901,128128.24074993069
2011-07-01,134144.066591916,292949.14902208064,139035.2893557616,259266.4430542778,308734.2510232815,289738.7194360255,139577.16216542685,220283.9506142513,127599.64621576843
2011-08-01,133307.67935732155,291108.5659461886,138913.2134885088,258541.38117589685,307904.3189579036,287721.34063217515,138845.8519866939,219778.37679315382,127063.79653589682
2011-09-01,132678.95305025307,288911.47841925494,138869.527806596,257879.57202856892,306616.7237520075,285957.9561433061,138392.70076568692,219496.71030133113,126613.71649156931
2011-10-01,132318.52119992857,286565.73312092497,138752.40990021406,257220.59933402436,304927.1766916157,284379.9190427642,138208.01766445432,219340.49265238605,126087.4024250029
2011-11-01,132134.28113010203,285407.46633349854,138533.49829492116,256503.2650715046,303192.23941134196,282707.19374372065,138041.64304940484,219312.4295473489,125630.69239985854
2011-12-01,132050.30072050623,284652.5781640926,138277.79767237094,255896.67153669798,301881.2172367945,280971.13424052694,138549.87232701553,219362.95651618997,125122.44857063064
2012-01-01,132079.46418352835,284263.4456520219,138160.70801612895,255362.94824213686,300814.97558191634,279576.1531038008,139075.13763336968,219641.9177748092,124750.32697370519
2012-02-01,132203.575524384,283697.91640288424,138321.59099333765,255151.06030269456,300009.0051487832,279025.80090720515,139934.10098002895,220041.23345505804,124575.33906142437
2012-03-01,132402.10523414778,283062.3060534411,138608.36291388376,255344.24044234792,299440.9307336234,279587.5288954077,140731.53218061556,220514.92842835325,124634.90768681932
2012-04-01,132772.1235128132,282628.2692460583,138896.8360772717,255747.3889034595,299336.97749681637,280430.2463964463,142234.83490443573,220882.91275090654,124946.16226950106
2012-05-01,133251.15765883695,282825.7689905125,139218.83384128395,256250.26524255154,299830.0553612493,281140.1351904962,144385.88958766864,221460.37452104405,125481.77649805047
2012-06-01,133900.26119305173,283943.55876846524,139672.55527086824,256618.85068428502,300801.20480962034,281167.16290355584,146966.0168921832,222471.99026498166,126070.15315721177
2012-07-01,134551.34833305053,285564.556197637,140186.782018756,256961.01677259768,301982.32182031614,281053.8285425331,149778.37096420862,223967.45248096704,126643.76854121103
2012-08-01,135130.3017537065,288127.69003977446,140570.7472340763,256972.69181610565,302994.3295501,280426.33314057114,152567.88564263834,225809.12018149623,126983.43115887865
2012-09-01,135746.20319004197,291589.16149799566,140899.94819358137,257000.27939027906,303762.46903215797,280134.36281982594,155523.29994944923,227926.33717556743,127336.23091049453
2012-10-01,136509.81559071233,296006.5338249156,141228.04319572437,256835.405206127,304460.7313969996,279925.6331202826,158210.39806531367,230014.77966240948,127422.86785319273
2012-11-01,137591.1619975262,300843.530087712,141606.70936216824,256819.9031307126,305437.92235137324,280203.0253479236,160642.57859847436,231967.17432874927,127390.96630848567
2012-12-01,139032.33873447357,305991.73084007646,141986.7730966472,256793.6510315586,306962.5997523837,280532.00921902293,162615.066430627,233691.831383994,127322.96477089653
2013-01-01,140680.58948064948,310868.373660766,142517.3605087135,257204.8933201045,308898.55953652284,281106.13273489894,164436.80044325299,235449.51808815426,127303.58406512935
2013-02-01,142363.25522699964,315183.9870905092,143191.62201148225,257888.85193910368,311034.5223175921,281665.68783774425,166157.80058137243,237097.0990962763,127387.35136519413
2013-03-01,144080.37105146403,318891.1260915673,143990.70477813148,258694.30619172842,312438.9435670041,282103.2345452146,168112.77841105542,238395.79789500532,127506.95211572478
2013-04-01,145848.9300785466,323255.08357821195,144749.32531838774,259454.84212535204,313720.9293559825,282608.1202567268,170480.93154262123,239546.94802100878,127809.38739401777
2013-05-01,147843.70184476415,329216.312103817,145615.16538942046,260316.0368415031,315160.9762259754,283477.32894628803,173264.63909505223,240867.158342084,128237.01299193689
2013-06-01,149798.4172899688,336429.92283364735,146648.34121964982,261512.48202205903,317320.31721232965,284510.0241030828,176186.70941531626,242637.64511897962,128832.8602813164
2013-07-01,151676.10383052262,343655.9928779561,147639.88024561026,262704.671797089,319591.87718407594,285674.7861440487,178994.10690283202,244687.17138422374,129486.95022640745
2013-08-01,153468.81684023375,350567.55779640866,148601.14117194296,263775.31134508696,321629.0913102555,287040.7817550059,181657.1494700385,246814.69118731908,130355.78012480382
2013-09-01,155211.0339759245,357340.8173505319,149351.4182267919,264549.40386612853,323469.3610687182,288639.8724169409,184086.62732623066,248863.68132652456,131109.6833878677
2013-10-01,157050.44625466687,364030.4550734346,150206.9004523372,265371.081311054,325372.5357066188,290227.40540933004,186255.08366349095,250818.53453621574,131838.77157915093
2013-11-01,158675.08695774231,369641.7566880013,150990.5149652765,266051.9550790907,327244.47962376167,291126.73901018687,187890.97215312332,252511.4265346798,132095.3551566623
2013-12-01,160332.66409880435,374161.7551880048,151869.6137369882,266511.82726952253,329191.6407339859,291814.7833672654,189070.3881363247,254066.05352812665,132130.48352655888
2014-01-01,161910.39664288398,377433.23486401,152902.07256940464,266906.97266457375,331044.0571219458,292763.1780929717,190273.6912308494,255368.32743537604,132041.92084628294
2014-02-01,163610.68934901638,380137.94164767297,154067.50631478493,267448.3113358036,332700.5039838161,294461.47948927147,191556.41650211182,256698.5492343442,132039.92293174134
2014-03-01,165205.26510726652,382597.7191295132,155243.22584600843,268442.31030090805,334170.5442361449,296679.2788155841,192851.24593713638,257964.27913597864,132139.02732350572
2014-04-01,166625.26822949052,385597.56126522535,156265.22825557695,269599.31645303057,335714.4464561893,298850.9983670508,193821.74760699473,259417.1894942643,132401.4773970167
2014-05-01,168025.872154924,388798.7044995954,157300.49228388525,270974.77547952236,337483.4836383504,300910.71859942604,194610.1092474442,260982.789514338,132974.83630029229
2014-06-01,169186.55369143005,391434.89913658676,158351.57512544584,271923.5254635816,338841.7790917262,302133.1590113488,195171.46712535576,262575.2450923172,133709.72514855667
2014-07-01,170382.33749929117,393168.2436064069,159548.55415527918,272704.35799170024,339804.56014541857,302824.58962316,195665.1506021278,264254.8384078588,134507.9492552027
2014-08-01,171399.8932452474,394687.9550017591,160624.94433455743,273168.64852606296,340196.6129199178,303049.4376650452,196115.364459989,265946.35929289105,135152.1232673472
2014-09-01,172457.55415410257,397196.93627596233,161573.97562597276,273791.6652755122,340817.1833991679,303368.8008275359,196618.14752444808,268004.470218386,135550.44658036195
2014-10-01,173345.16618235747,400379.65665773716,162246.8351819023,274274.83079831046,341130.5147032622,303562.02104973845,196908.6623957928,270231.5702696237,135634.19698187456
2014-11-01,174454.40033559967,403946.4780056037,163097.19734311686,274938.4800183995,341937.95781218185,303661.2846945295,197353.5447294215,272731.9185348992,135731.1360705621
2014-12-01,175769.71480775494,407239.82804445125,164092.0905520199,275504.83773607336,343109.0409696851,303630.39459535485,197799.39036502768,275440.01700318774,136024.49477650627
2015-01-01,177205.76279908125,410167.8676890442,165337.0985682885,275929.0770747517,344987.3198999662,303574.856339457,198455.70698073434,278511.6095312256,136394.47387707102
2015-02-01,178464.34115794595,412642.62168486224,166627.35398335065,276179.17163583793,347039.7931880923,303674.44284335343,199158.14537512767,281939.1558714596,136648.1112848163
2015-03-01,179575.6004197431,414668.1741937218,167888.75450774902,276433.11665218446,348899.7041306132,304121.42716714874,200128.4875052498,285271.29439338134,136967.73884466547
2015-04-01,180691.68364074492,416628.6753074345,169069.17330947588,276893.9926457373,350428.0717139071,304614.9957594551,201297.85657891133,288393.94178788015,137491.08523169497
2015-05-01,181955.85996058365,418845.42056311667,170198.55019122627,277721.60375689063,351815.21801611385,305397.81161292415,202697.2625736907,291258.722408199,138220.3828063211
2015-06-01,183252.06667780897,421117.12426827085,171323.51501814145,278628.6957158957,352972.57205328887,305944.5776966354,204091.0697734032,294022.28832070733,138894.1519498972
2015-07-01,184729.98243533494,422907.2188298025,172493.17741718586,279757.9119468318,354334.7216353354,306726.33797704335,205560.33982364275,296930.28583997145,139637.8761635724
2015-08-01,186294.60615307288,424106.9105880872,173713.43930205345,281112.4378263717,356127.0960979589,307720.87326801295,207068.71592213403,300006.8202246379,140455.5615123002
2015-09-01,187996.62394942495,425133.0540628068,174957.6923999871,282903.829233282,358438.6961059429,309168.49713804945,208761.9516452168,303246.5156054173,141305.7950388419
2015-10-01,189775.15081138004,426397.9554459019,176211.40553506147,284841.2522513994,360819.951375475,310883.87704356475,210498.63556299568,306293.63403492863,142128.41130298955
2015-11-01,191490.04946002815,427453.6560836052,177315.47516634982,286424.4699035708,362963.8647121084,312389.7720060009,212260.50350295706,309235.58691781183,142746.76741437774
2015-12-01,193082.22776554732,428416.5750603134,178460.53484086963,287707.5696065346,365204.5021703764,313684.4218581149,213915.54828534275,312105.5298504717,143477.56772645065
2016-01-01,194549.83886554034,431606.6956220584,179686.71444887915,288615.4734927031,367585.61227094335,314627.33486712235,215947.69139485326,315057.9418013733,144313.52503149305
2016-02-01,195940.99167713558,436973.37843322754,180965.79364722516,289324.75131776516,369744.62277072115,315250.188939908,217860.5681465566,317900.54599166196,145169.56844416677
2016-03-01,197219.77583553563,443069.6421433753,181909.00096328396,289645.7757805221,371314.94229573687,315433.4415681336,219354.2219368968,320684.8221000594,145629.06633569475
2016-04-01,198574.31140734148,447675.808063889,182806.45900932016,290219.48684762156,372948.27764960215,315776.3987617897,220254.1671555947,323645.2684765333,145912.00997961554
2016-05-01,199914.741489453,450731.27399007045,183672.53205862877,291099.6838338931,374763.9518445095,316372.88236520503,221023.52614925973,326559.46784533863,146289.24154806393
2016-06-01,201347.67501499315,453431.31048663426,184704.89122922393,292464.7488393131,376677.32251405745,317254.9449723113,221902.15235616756,329300.8604524816,146895.49301246242
2016-07-01,202605.5021746532,454418.81568058446,185565.4698584537,293586.9573979866,378081.5993326367,317908.9720669528,222834.26447487177,331575.30926989415,147382.6668539252
2016-08-01,203908.7663819995,454107.96115537983,186402.2423491814,294390.06942288444,379052.66168997186,318325.50239303487,223717.81232991497,333407.2277012255,147747.37611278114
2016-09-01,205372.75021053385,452615.68158436986,187358.9936659911,295008.09832192824,380375.8859544571,318488.42356048286,224890.04696391363,335098.97379006253,148151.11349755674
2016-10-01,207001.33204658353,452276.4495721524,188414.04686415454,295868.6464818726,382324.7993087696,318764.7009455859,226053.04577634708,337089.4527581111,148776.73254629268
2016-11-01,208492.0781005714,453353.03792094346,189601.08284993915,297198.1542435619,384971.7545279137,319191.9552484941,227246.43245486388,339691.44170416286,149621.28214361673
2016-12-01,209728.403424915,455951.70388110867,190741.71289813516,299034.1607114638,387626.91685693624,320198.28917114384,228338.71067133476,342758.13773438975,150524.18920788102
2017-01-01,210811.69387838026,460867.73202294187,191863.96180356256,300717.2636310849,390022.8883952156,321138.49952398724,229651.10505106443,345733.20925087173,151411.2387690378
2017-02-01,212024.1194770383,467336.9443272641,192865.93921359652,302493.97525586706,392078.63585957093,322140.0780509023,231171.89765469424,348895.0589178293,152316.15748038792
2017-03-01,213439.53449439653,474362.8766756601,193934.42231930044,304062.2098951533,394329.205032625,322928.2797323598,232822.64628550163,352083.09105462837,153188.2317285719
2017-04-01,214943.33166044997,480100.7682658343,195117.19486387665,306175.27287962724,396930.63927851844,324220.78401076584,234328.87185078557,355360.9477530846,154038.7785190818
2017-05-01,216260.4012227436,484307.7064625311,196182.20861285503,307877.0897706262,399584.71653426456,325730.9537205564,235644.37698437952,358119.37051308644,154681.70900548756
2017-06-01,217618.69415181733,487913.18388763064,197142.09995727066,309371.5022376835,401985.24551873346,327343.64360872103,236999.2513372081,360233.676351428,155237.69174680064
2017-07-01,218909.19272755831,489668.49209312163,197885.0824135101,310473.757865892,404053.8788970516,328537.8632456095,238324.66239329227,361655.72720901994,155701.5877098952
2017-08-01,220366.19178173703,491185.63423446706,198672.72726673563,311838.22332492674,405761.3498100333,329400.80786288826,239737.8732449599,362805.9250712811,156150.70705259233
2017-09-01,221777.38982314186,492783.0327936979,199472.4948717183,313223.4371404508,407734.4808765594,330219.4929662651,241136.6887168704,364164.3128599858,156688.34243034862
2017-10-01,223290.70948350383,496256.7878977421,200426.29664180355,314954.49591357465,409577.77665849635,331256.0795838172,242555.86067853597,365961.5824706899,157331.39671107428
2017-11-01,224848.05669505292,500108.8336144062,201476.65732694112,316358.3542625886,411582.3043614235,332536.7259130218,243813.6528091612,368185.22107315203,158066.7206813957
2017-12-01,226478.5157080927,504636.1055836459,202642.84374223708,317925.3577359714,413356.59729082836,333717.2630640944,245065.79994427154,370863.35323855776,158778.54529828334
2018-01-01,227928.69179769454,509748.30924942676,203799.28782094424,319340.88502256887,415337.7083779057,334816.4294245354,246514.42368305265,373760.9874297728,159546.5415599244
2018-02-01,229202.31764321748,515386.485147759,204851.53242796598,320474.6767545364,417494.80090698187,335790.7810908647,248177.77566300484,376690.42701686826,160456.7553383179
2018-03-01,230483.4868548977,520526.0707875427,206084.05946259992,321951.78542988416,420096.3221058854,337180.9932511703,249894.47857036348,379548.61642331677,161678.6698606578
2018-04-01,231753.17875488472,524753.5113177957,207237.25946750285,323603.32541469065,422698.0743686555,338502.6362415193,251382.96229172367,382103.8376281262,162835.92088897646
2018-05-01,233070.00377271636,528621.2376581252,208439.9333494145,326006.23053978937,425437.2976619235,339936.8667892892,253008.71674468298,384545.8370249793,163786.01164808482
2018-06-01,234179.26394547525,531769.4809088081,209353.29305958332,328174.70898649964,427775.1421741795,341144.57478602463,254678.1948761555,386389.9323629336,164241.37960164246
2018-07-01,235617.2286463573,534633.6593389657,210397.317558524,330623.22995629,430160.122141162,342733.28638655524,256725.35348395616,388421.5287008377,164631.2155576318
2018-08-01,237021.9616066618,537706.4429757008,211336.53371849307,333011.0979426275,432155.6415580486,344076.0903851683,258627.56965367068,390108.4560903448,165061.19416024143
2018-09-01,238448.42072368064,541173.3749981461,212263.30075988322,335460.71700576507,433898.6540276573,345060.40338967653,260430.46077552778,391775.63570897694,165736.0687566786
2018-10-01,239622.31904816325,544861.1335892818,212970.1195616878,337083.294409374,434668.8206175044,345481.04985762085,261900.0348615544,393037.27314337157,166296.0262799303
2018-11-01,240868.86752036828,547468.9626557928,213771.6282980511,338237.47487430257,434903.34383470117,346131.92977278243,263252.13881409104,394255.08834159793,166969.66749987382
2018-12-01,242216.0535912499,548996.9515430214,214662.8410814959,338914.5919985087,434522.2131553131,346949.984512442,264444.962678307,395610.24458172824,167513.21640919583
2019-01-01,243431.80214205847,548520.4035977741,215545.82618310917,340015.7682954169,434388.3427444014,348042.64495962625,265768.24371308554,397151.5406679288,168276.8814257978
2019-02-01,244522.71497229088,546881.7900601657,216323.99907168988,341566.84903794335,434911.5321824418,349373.8026465186,267367.80365672597,399153.0571394586,169165.18503413987
2019-03-01,245260.40311798616,545025.246345465,216997.2362002704,343248.36723913485,436069.6572415554,351135.8847202915,268925.873298241,401330.31394907995,170274.0286835125
2019-04-01,245793.05975442872,543959.6853172869,217565.81581433988,344663.0183237247,437840.48688620905,353140.94643836113,270243.96241028694,403278.2819476632,171259.89413154393
2019-05-01,246079.34831191887,543321.7827958477,218076.72747743447,345471.20375885844,439090.3519595338,354674.4803348962,271210.78478389006,404306.0173550982,171955.74809105846
2019-06-01,246494.12125595578,542928.4112491558,218572.36818268898,346457.508843577,440194.7026149826,355782.2887076807,272204.3075025648,404930.26394147315,172534.1880230611
2019-07-01,247030.42875859607,543341.7880729367,219098.24452996356,347463.1006687779,440613.9551598925,356328.51912291214,273206.36361571186,405395.3325220015,172946.7983824455
2019-08-01,247761.84008374266,545070.6469103293,219728.56821874273,348666.1809325982,440811.05504826613,356787.90710124356,274435.28377872816,406217.79147565184,173292.20753978964
2019-09-01,248488.95194357427,547713.271976089,220417.33698671896,349323.8583002146,440732.87460976973,357013.92669360276,275881.6111286313,407070.3233210859,173431.7583285334
2019-10-01,249452.50487666062,550828.3595663096,221339.38496031417,350065.4216622976,441376.79082992236,357668.6034735853,277600.2359866192,408349.0013179779,173940.91507706328
2019-11-01,250770.4220059685,554220.0624297335,222431.1252635969,351546.43457970343,442852.7169918027,358963.44332045683,279607.9305009931,410118.08685786696,174737.19531266062
2019-12-01,252394.6457512615,557735.1683715271,223619.88218107665,353430.15035514644,444570.74776577327,360668.03213346325,281706.38263887755,412218.1382021781,175782.65675562018
2020-01-01,254362.45814860507,560606.1516025391,224826.76028332338,355752.1955611433,446774.8312571575,362848.9683451252,284244.3792993733,414573.4771142784,176828.0994546937
2020-02-01,256216.39592669866,562915.0003882073,225994.34341146448,357522.45922514034,449274.15554747666,364945.8908010468,287020.63674787804,417197.33119938173,177982.11662631147
2020-03-01,257845.2260218498,565139.4677463252,227133.0442329351,359151.8205937221,452400.9335560238,367578.9357760996,290170.8005686554,420217.32114814525,179276.31828335417
2020-04-01,258835.97556612376,567193.5205449759,227953.9360669082,360505.1588898901,455130.6036053596,370124.83180668816,293019.6367536621,423091.7468064429,180442.27325075536
2020-05-01,259109.20760877078,567452.9470948993,228247.0537949764,361682.5975069964,456764.2736693889,372011.1542713519,294998.521421931,424463.38169666496,181217.9855625273
2020-06-01,259246.21482154974,566223.9409934434,228422.49640023024,362319.1117912607,457499.391597922,372733.9730470796,296357.2667702577,424665.4405139961,181642.91646755612
2020-07-01,259831.4193805434,566065.3435080695,229108.31860761103,362499.3884248626,458345.675680618,372784.54098155134,297952.97201210586,424833.3552179159,182432.0778754423
2020-08-01,261444.55899833958,569370.470518689,230598.12379830168,362912.7429450384,460942.02243990736,373783.325064376,300732.8410725525,426639.85588074214,183930.47965551922
2020-09-01,264031.798689414,576707.9770136605,232847.1008848675,364996.2770640491,465918.145754982,376836.24362295755,305118.6329064267,430564.7996157298,186469.5566217557
2020-10-01,267093.3258029337,586129.8428241782,235385.3209227211,368411.403416719,472539.59733107797,381567.03007773845,310309.53019063943,435804.6179536625,189345.80957198935
2020-11-01,270687.8792299558,597101.1107193319,238280.0754484875,372924.7267656836,480242.35294456367,387390.7219974082,316048.8180171096,441783.4672865093,192420.45764900453
2020-12-01,274260.5556784644,608044.5644489758,241084.69073064896,377903.1313755848,487950.8641994509,393571.9279360329,321652.72620111424,447636.54422096227,195050.29985566667
2021-01-01,277958.21670164535,617131.851992333,244028.9858042527,382615.7841959509,494922.0336517599,399332.5450141213,327172.40769114945,453268.98001941416,197323.24177967283
2021-02-01,281642.1238849739,624906.8020869409,247165.16785812855,387533.51863408316,501817.0308303677,405186.8823554854,332906.35356335,459651.58354168624,199688.80270501028
2021-03-01,285578.68005860446,631950.2638912977,250715.9920772443,392128.5883011887,508783.48252619617,410595.9299158012,339614.0611945622,467401.69928855175,202508.41213122464
2021-04-01,289956.3402569115,641171.0912710567,254656.58271244206,396397.95777429215,516528.85087761586,416124.0034645903,347462.7003074612,476418.83377597184,205867.27523783097
2021-05-01,295254.00593738555,652212.4717845646,259166.18965185212,400666.04067538335,524610.3416593922,421550.48829775746,356830.11827141925,486170.67120254785,209416.7423090161
2021-06-01,301739.70076872496,664067.2451136071,263991.1968790722,404663.4688286246,532255.8913484062,426922.812801977,367127.9777220041,495746.9607146077,212843.81028969542
2021-07-01,308381.3621511397,674781.843063116,268417.7086015183,408195.1353105707,537444.045603543,431718.12584367534,377387.1214269804,503738.2909384771,215327.71739503826
2021-08-01,314290.061590255,682194.7931888249,271791.96460486506,410348.222127796,539202.8358871817,434915.1851268287,386407.8149467574,509243.6676731252,216599.4770791036
2021-09-01,319077.78165243356,687221.4262345027,274258.6263621586,411412.6323189815,538580.8669761843,436738.467283275,393905.9389747423,512671.6711060766,216870.70202208965
2021-10-01,323791.712631204,691708.9259005064,276817.3528379518,412950.3438073148,538172.6399978484,438322.81730867986,400566.8429096546,516194.6593519398,217389.62784081456
2021-11-01,329065.0571727587,697625.7891534611,280130.20196480403,415262.13665460824,539123.1792048285,440768.8615202328,406910.7166152604,520951.6447181373,218662.43767198236
2021-12-01,334765.2435908678,704919.941652482,283938.22399926186,417994.7466180792,541291.4116553292,443848.70974391844,412866.9193986988,526721.2071613901,220575.9695957747
2022-01-01,341920.9525143648,715092.4562638454,288948.21441721555,421213.74482768046,546650.5416340736,447862.4252963108,419062.25198132166,534510.2776813658,223494.31365944896
2022-02-01,350243.9395290453,728146.0338084915,294551.53270320356,425116.23017380433,555115.917072276,452600.0444047496,426109.08935917326,544508.2943113327,227227.67915137878
2022-03-01,360067.7351466438,743886.5495101068,300887.5560992591,430324.65928179683,566505.071489281,458638.43029980274,434813.3169002295,556937.2341854154,231637.33924186803
2022-04-01,370398.3696617004,758200.6350033892,307034.9322042863,435653.85934733954,577147.115531297,464885.26060234715,444591.65599797294,569171.1210064841,235841.21785146894
2022-05-01,380299.16015217506,768990.3354816063,312685.3619490396,440517.88193412096,586263.544052271,471216.5614120012,454288.82900742796,579129.0945545739,239252.5236522304
2022-06-01,389099.7428921785,774727.0361407684,317617.21591713437,445171.880146985,593046.1863385868,476529.2762320528,462398.31640843215,585194.142493986,242200.0493128864
2022-07-01,395071.03791885014,775040.5534359211,320616.0170163166,448311.0041081251,596188.6443225268,479511.1651823344,466501.37386348215,585816.4954061349,243813.57316335055
2022-08-01,398093.48236972187,770311.1892452035,321557.41826340155,449251.32353400084,595112.4505582786,479667.6850970963,465603.2663473154,581881.1613365702,244142.2527946808
2022-09-01,398479.95886154164,762747.2618757522,320863.407487794,447659.1737609156,590838.5445548185,478028.73827104183,460283.0208910727,575592.4865318179,243272.3654266746
2022-10-01,397986.1221369084,755937.8783499114,319871.09946637653,445802.3677165707,587194.9952634174,476840.57299306354,453679.8245666023,570511.1948031388,242518.41979901362
2022-11-01,397263.0596454575,750586.6551531642,318824.3748733607,444223.0019310391,585139.8234092161,476296.24550705036,446517.5634294953,566596.6492863571,242086.9387534168
2022-12-01,396397.3615208425,745999.6977122867,317479.40099876444,442616.28528158413,584622.3240785901,476587.19050163287,439478.2694868369,563272.6582639789,241910.00542541593
2023-01-01,395018.32026327116,738863.36345437,315704.7947650887,440934.62643357815,583710.7653464876,477995.2891522187,432445.4008696077,559546.137878507,241532.38710953286
2023-02-01,393850.5840482524,731526.6422151659,314017.238989141,439537.50889862375,582999.7657876817,479440.4026406649,426946.3258939255,556318.147926021,241422.37897838777
2023-03-01,393375.63555734,726129.7711758134,312890.89615532005,439633.11773918656,583576.6836501037,482196.054506235,423696.0796264393,553594.4812472273,241964.74698140981
2023-04-01,393831.3128864319,725535.2792653261,312502.2170150142,441147.6341147481,587060.3324711325,485984.73670982243,422582.3335566036,552147.7670553393,243534.1625125855
2023-05-01,394909.4987711596,728563.1696695959,312838.04482609755,443626.3739836255,592599.5841514828,491415.5740606443,423178.77036967454,552021.6385680501,245516.31313371053
2023-06-01,396624.2032199585,733865.6351632895,313709.39307727135,446539.6566341583,598963.3304543762,496676.9418568954,424960.85309784935,553511.4949931585,247495.24247103056
2023-07-01,398368.01538392185,741013.4029143001,314494.1216842001,449628.8119849781,605054.177732849,500914.9422615192,427422.0602887866,555685.3854851474,249028.09693116267
2023-08-01,400096.1150572447,749101.3992351241,315103.0802287913,452768.35921425157,611019.3970266044,504508.6303708111,430093.33398385317,558047.7509400063,250378.55680243927
2023-09-01,401297.908633358,756830.3273708993,315142.9228310479,455432.6323044224,616384.053712502,507604.90956860135,432314.1922160762,559986.6029708976,251375.22409014017
2023-10-01,402386.82080025645,763114.8744089172,314901.0998862042,457321.2977880267,620906.7949041587,510593.2300896612,434161.7829197373,561209.098362309,251990.1967409566
2023-11-01,403341.5626963901,767612.1457282271,314387.8884925868,458898.5300329319,624374.1874372829,513527.1933682331,435537.3873415611,561527.869862481,252185.95408729985
2023-12-01,404193.6467753437,770475.4444159431,313753.9663725843,460625.7068743999,627040.0031519067,516310.29312176147,436230.97279115295,561320.8984971159,252203.2610905541
2024-01-01,404916.363183974,771018.0927460172,313545.6451082932,462456.26666582545,628753.5885378985,518910.7757626234,436514.48591679585,560887.2450365991,252377.3347464009
2024-02-01,405661.655935965,770862.0862206769,313818.1663019439,464716.9475859297,630847.5334731675,522575.6196843204,437054.0752128661,560981.4037070457,253071.17855466506
2024-03-01,406546.7203300355,772375.2609962891,314729.0087575045,467758.29437823856,634608.406469067,527654.7593067602,438370.74995526293,561738.4411731331,254264.22025398377
2024-04-01,407243.40270823316,776316.6294688344,315622.79343674256,471475.88173515,639821.1701393948,533431.4251930282,439982.33617160283,563107.755805299,255706.15586760562
2024-05-01,407370.95109748375,780898.9018437777,315968.50877887144,474892.89549639396,644494.3477882958,537885.9937542911,441260.4725248695,563923.2773674672,256717.86786064468
2024-06-01,406565.8530892337,783422.6883331224,315726.86620121944,477640.4638351284,647337.1867668302,540945.4916011491,441524.2680385653,563725.321597404,257357.17276284387
2024-07-01,405483.65047692833,785460.7695409883,315142.0358572477,480209.2731559,649336.7116515441,543613.0601806695,441146.4490816438,563414.1954818104,257854.99820971602
2024-08-01,404442.8979563217,787266.8377792281,314709.00122171664,483352.4437370705,651537.0655030477,546814.2421945409,440326.64468228066,563566.7527770965,258494.8371860005
2024-09-01,403565.9088541605,789611.5108891381,314438.81999229355,486258.1759983683,653937.1196967817,550303.5159141591,439609.71953419544,564528.1834172824,259118.20906739845
2024-10-01,402593.9956987177,791235.7704858779,314169.88282663585,488712.85228406504,655952.8028877942,553398.071125582,439026.9180478426,565439.4897641785,259735.5905639507
2024-11-01,401363.0381289876,793046.5322747628,313785.2892042223,490571.64178083465,657575.0743550133,555843.917871778,438480.39044294687,566377.3778994741,260541.95511096297
2024-12-01,400241.1856992605,794878.3652982301,313501.8913065197,492352.5197540976,659452.1296014468,557483.8484366647,438052.1642940959,567103.584160538,261770.69439170358
2025-01-01,399273.0916944731,795046.4572985088,313319.6570868927,493498.37236801506,661137.1650258359,558760.2459925585,437282.495834281,567247.2645396536,262961.6498653311
2025-02-01,398167.8102119905,793627.9266515845,313139.1686681471,494694.6263635916,662749.1451045272,560260.8279982504,436047.4052098712,566139.9707532158,263805.67366929166
2025-03-01,396430.3667634786,790103.7553381734,312393.7330275325,495611.54487798346,663045.3128991928,561789.067304607,434221.1565773078,563499.9399073019,263924.773342987
2025-04-01,394215.2106251473,786720.7019852633,311307.7626908203,496998.01367863547,663005.0681272493,563627.2423252094,432583.63512350665,560447.7033744203,263703.3631427651
2025-05-01,391696.3521193006,782724.4876378253,310024.57193594053,498273.1746074478,661944.9429735622,564835.231006146,431004.5520859635,557305.8857269258,263399.7678542849
2025-06-01,389042.8999947752,778859.808807925,308809.01259999507,499868.63773296337,660840.500203806,565761.3995490005,429503.6858892164,554776.3170026519,263213.008234927
2025-07-01,386218.9030602659,775931.0595394844,307725.1365402635,501807.1771566702,660161.6208591309,566355.5390025037,427896.5832004715,552804.2963500778,263506.4333795564
2025-08-01,383692.89597116254,773946.8174810341,306874.5465914766,503492.44724370865,660250.2395947565,566841.424027415,426451.603614179,551916.175032837,264092.5337241815
2025-09-01,381885.4821195002,773514.0385511,306350.8460312065,505335.8386339881,661472.1174815885,567869.2541529195,425474.8775180041,552015.1493790784,264980.10401968204
2025-10-01,380714.923834762,774282.0184921791,305973.80908195325,507345.0537286809,663789.8206028527,569744.5572825789,424957.1031216664,552640.1766730618,265637.71516474633
2025-11-01,380019.38221186236,775987.0875371053,305816.17830905336,509772.3309889178,666541.9981173478,571980.9622693757,425044.004038423,553236.3159226548,266503.14082437666
2025-12-01,379660.0941956861,778330.2447583983,305829.57105004333,512202.40324794647,669409.456189724,574479.7600413933,425561.2897305516,553546.3218492692,267574.1696981026
2026-01-01,379655.14931024326,779626.4921047315,305851.95992627065,514348.27873915667,671453.3571354464,576640.2212320982,426099.9767874522,553236.4793222547,268763.9571573409
2026-02-01,379840.74491779646,779987.9808132323,305831.43367704336,516780.7697845924,672760.7050130538,579060.302050698,426476.11277530855,552108.7017719485,269787.09065467044
2026-03-01,379938.120635607,779278.8008717081,305540.4631499881,519488.19858386763,673512.7820277413,581522.5939350576,426295.7850305557,549957.182213609,270543.137292685
2026-04-01,379554.35828092863,777909.8018165032,304942.11145528214,521862.75238610053,673228.469336043,582854.274977305,425477.13370729034,547181.6712827972,270979.11341320304
2026-05-01,378845.63029950485,776608.1747119959,303983.86113296513,523894.03086222307,672944.2734197286,583786.1284556297,424167.7857975418,544732.3649949913,271181.18237049185
2026-06-01,378126.2326381183,775548.7048725368,302999.4861513099,525946.6979982856,672866.8746088379,584681.1055825789,422822.1528755803,543434.6490117848,271596.94666082616
